﻿ID,checking_status,credit_history,duration,credit_amount,installment_commitment,residence_since,age,existing_credits,num_dependents,class
1,<0,critical/other existing credit,6,1169,4,4,67,2,1,good
2,0<=X<200,existing paid,48,5951,2,2,22,1,1,bad
3,no checking,critical/other existing credit,12,2096,2,3,49,1,2,good
4,<0,existing paid,42,7882,2,4,45,1,2,good
5,<0,delayed previously,24,4870,3,4,53,2,2,bad
6,no checking,existing paid,36,9055,2,4,35,1,2,good
7,no checking,existing paid,24,2835,3,4,53,1,1,good
8,0<=X<200,existing paid,36,6948,2,2,35,1,1,good
9,no checking,existing paid,12,3059,2,4,61,1,1,good
10,0<=X<200,critical/other existing credit,30,5234,4,2,28,2,1,bad
11,0<=X<200,existing paid,12,1295,3,1,25,1,1,bad
12,<0,existing paid,48,4308,3,4,24,1,1,bad
13,0<=X<200,existing paid,12,1567,1,1,22,1,1,good
14,<0,critical/other existing credit,24,1199,4,4,60,2,1,bad
15,<0,existing paid,15,1403,2,4,28,1,1,good
16,<0,existing paid,24,1282,4,2,32,1,1,bad
17,no checking,critical/other existing credit,24,2424,4,4,53,2,1,good
18,<0,no credits/all paid,30,8072,2,3,25,3,1,good
19,0<=X<200,existing paid,24,12579,4,2,44,1,1,bad
20,no checking,existing paid,24,3430,3,2,31,1,2,good
21,no checking,critical/other existing credit,9,2134,4,4,48,3,1,good
22,<0,existing paid,6,2647,2,3,44,1,2,good
23,<0,critical/other existing credit,10,2241,1,3,48,2,2,good
24,0<=X<200,critical/other existing credit,12,1804,3,4,44,1,1,good
25,no checking,critical/other existing credit,10,2069,2,1,26,2,1,good
26,<0,existing paid,6,1374,1,2,36,1,1,good
27,no checking,no credits/all paid,6,426,4,4,39,1,1,good
28,>=200,all paid,12,409,3,3,42,2,1,good
29,0<=X<200,existing paid,7,2415,3,2,34,1,1,good
30,<0,delayed previously,60,6836,3,4,63,2,1,bad
31,0<=X<200,existing paid,18,1913,3,3,36,1,1,good
32,<0,existing paid,24,4020,2,2,27,1,1,good
33,0<=X<200,existing paid,18,5866,2,2,30,2,1,good
34,no checking,critical/other existing credit,12,1264,4,4,57,1,1,good
35,>=200,existing paid,12,1474,4,1,33,1,1,good
36,0<=X<200,critical/other existing credit,45,4746,4,2,25,2,1,bad
37,no checking,critical/other existing credit,48,6110,1,3,31,1,1,good
38,>=200,existing paid,18,2100,4,2,37,1,1,bad
39,>=200,existing paid,10,1225,2,2,37,1,1,good
40,0<=X<200,existing paid,9,458,4,3,24,1,1,good
41,no checking,existing paid,30,2333,4,2,30,1,1,good
42,0<=X<200,existing paid,12,1158,3,1,26,1,1,good
43,0<=X<200,delayed previously,18,6204,2,4,44,1,2,good
44,<0,critical/other existing credit,30,6187,1,4,24,2,1,good
45,<0,critical/other existing credit,48,6143,4,4,58,2,1,bad
46,no checking,critical/other existing credit,11,1393,4,4,35,2,1,good
47,no checking,existing paid,36,2299,4,4,39,1,1,good
48,<0,existing paid,6,1352,1,2,23,1,1,good
49,no checking,critical/other existing credit,11,7228,1,4,39,2,1,good
50,no checking,existing paid,12,2073,4,2,28,1,1,good
51,0<=X<200,delayed previously,24,2333,4,2,29,1,1,good
52,0<=X<200,delayed previously,27,5965,1,2,30,2,1,good
53,no checking,existing paid,12,1262,3,2,25,1,1,good
54,no checking,existing paid,18,3378,2,1,31,1,1,good
55,0<=X<200,delayed previously,36,2225,4,4,57,2,1,bad
56,no checking,all paid,6,783,1,2,26,1,2,good
57,0<=X<200,existing paid,12,6468,2,1,52,1,1,bad
58,no checking,critical/other existing credit,36,9566,2,2,31,2,1,good
59,>=200,existing paid,18,1961,3,2,23,1,1,good
60,<0,critical/other existing credit,36,6229,4,4,23,2,1,bad
61,0<=X<200,existing paid,9,1391,2,1,27,1,1,good
62,0<=X<200,critical/other existing credit,15,1537,4,4,50,2,1,good
63,0<=X<200,no credits/all paid,36,1953,4,4,61,1,1,bad
64,0<=X<200,no credits/all paid,48,14421,2,2,25,1,1,bad
65,no checking,existing paid,24,3181,4,4,26,1,1,good
66,no checking,existing paid,27,5190,4,4,48,4,2,good
67,no checking,existing paid,12,2171,2,2,29,1,1,good
68,0<=X<200,existing paid,12,1007,4,1,22,1,1,good
69,no checking,existing paid,36,1819,4,4,37,1,1,bad
70,no checking,existing paid,36,2394,4,4,25,1,1,good
71,no checking,existing paid,36,8133,1,2,30,1,1,good
72,no checking,critical/other existing credit,7,730,4,2,46,2,1,good
73,<0,critical/other existing credit,8,1164,3,4,51,2,2,good
74,0<=X<200,critical/other existing credit,42,5954,2,1,41,2,1,good
75,<0,existing paid,36,1977,4,4,40,1,1,bad
76,<0,critical/other existing credit,12,1526,4,4,66,2,1,good
77,<0,existing paid,42,3965,4,3,34,1,1,bad
78,0<=X<200,delayed previously,11,4771,2,4,51,1,1,good
79,no checking,no credits/all paid,54,9436,2,2,39,1,2,good
80,0<=X<200,existing paid,30,3832,2,1,22,1,1,good
81,no checking,existing paid,24,5943,1,1,44,2,1,bad
82,no checking,existing paid,15,1213,4,3,47,1,1,good
83,no checking,existing paid,18,1568,3,4,24,1,1,good
84,<0,existing paid,24,1755,4,4,58,1,1,good
85,<0,existing paid,10,2315,3,4,52,1,1,good
86,no checking,critical/other existing credit,12,1412,4,2,29,2,1,good
87,0<=X<200,critical/other existing credit,18,1295,4,1,27,2,1,good
88,0<=X<200,existing paid,36,12612,1,4,47,1,2,bad
89,<0,existing paid,18,2249,4,3,30,1,2,good
90,<0,no credits/all paid,12,1108,4,3,28,2,1,bad
91,no checking,critical/other existing credit,12,618,4,4,56,1,1,good
92,<0,critical/other existing credit,12,1409,4,3,54,1,1,good
93,no checking,critical/other existing credit,12,797,4,3,33,1,2,bad
94,>=200,critical/other existing credit,24,3617,4,4,20,2,1,good
95,0<=X<200,existing paid,12,1318,4,4,54,1,1,good
96,0<=X<200,no credits/all paid,54,15945,3,4,58,1,1,bad
97,no checking,critical/other existing credit,12,2012,4,2,61,1,1,good
98,0<=X<200,existing paid,18,2622,4,4,34,1,1,good
99,0<=X<200,critical/other existing credit,36,2337,4,4,36,1,1,good
100,0<=X<200,delayed previously,20,7057,3,4,36,2,2,good
101,no checking,existing paid,24,1469,4,4,41,1,1,good
102,0<=X<200,existing paid,36,2323,4,4,24,1,1,good
103,no checking,delayed previously,6,932,3,2,24,1,1,good
104,0<=X<200,critical/other existing credit,9,1919,4,3,35,1,1,good
105,no checking,existing paid,12,2445,2,4,26,1,1,good
106,0<=X<200,critical/other existing credit,24,11938,2,3,39,2,2,bad
107,no checking,all paid,18,6458,2,4,39,2,2,bad
108,0<=X<200,existing paid,12,6078,2,2,32,1,1,good
109,<0,existing paid,24,7721,1,2,30,1,1,good
110,0<=X<200,existing paid,14,1410,1,2,35,1,1,good
111,0<=X<200,delayed previously,6,1449,1,2,31,2,2,good
112,>=200,existing paid,15,392,4,4,23,1,1,good
113,0<=X<200,existing paid,18,6260,3,3,28,1,1,good
114,no checking,critical/other existing credit,36,7855,4,2,25,2,1,bad
115,<0,existing paid,12,1680,3,1,35,1,1,good
116,no checking,critical/other existing credit,48,3578,4,1,47,1,1,good
117,<0,existing paid,42,7174,4,3,30,1,1,bad
118,<0,critical/other existing credit,10,2132,2,3,27,2,1,good
119,<0,critical/other existing credit,33,4281,1,4,23,2,1,bad
120,0<=X<200,critical/other existing credit,12,2366,3,3,36,1,1,good
121,<0,existing paid,21,1835,3,2,25,2,1,bad
122,no checking,critical/other existing credit,24,3868,4,2,41,2,1,good
123,no checking,existing paid,12,1768,3,2,24,1,1,good
124,>=200,critical/other existing credit,10,781,4,4,63,2,1,good
125,0<=X<200,existing paid,18,1924,4,3,27,1,1,bad
126,<0,critical/other existing credit,12,2121,4,2,30,2,1,good
127,<0,existing paid,12,701,4,2,40,1,1,good
128,0<=X<200,existing paid,12,639,4,2,30,1,1,bad
129,0<=X<200,critical/other existing credit,12,1860,4,2,34,2,1,good
130,<0,critical/other existing credit,12,3499,3,2,29,2,1,bad
131,0<=X<200,existing paid,48,8487,1,2,24,1,1,good
132,<0,delayed previously,36,6887,4,3,29,1,1,bad
133,no checking,existing paid,15,2708,2,3,27,2,1,good
134,no checking,existing paid,18,1984,4,4,47,2,1,good
135,no checking,existing paid,60,10144,2,4,21,1,1,good
136,no checking,critical/other existing credit,12,1240,4,2,38,2,1,good
137,no checking,delayed previously,27,8613,2,2,27,2,1,good
138,0<=X<200,existing paid,12,766,4,3,66,1,1,bad
139,0<=X<200,critical/other existing credit,15,2728,4,2,35,3,1,good
140,>=200,existing paid,12,1881,2,2,44,1,1,good
141,>=200,existing paid,6,709,2,2,27,1,1,good
142,0<=X<200,existing paid,36,4795,4,1,30,1,1,good
143,<0,existing paid,27,3416,3,2,27,1,1,good
144,<0,existing paid,18,2462,2,2,22,1,1,bad
145,no checking,critical/other existing credit,21,2288,4,4,23,1,1,good
146,0<=X<200,all paid,48,3566,4,2,30,1,1,good
147,<0,critical/other existing credit,6,860,1,4,39,2,1,good
148,no checking,critical/other existing credit,12,682,4,3,51,2,1,good
149,<0,critical/other existing credit,36,5371,3,2,28,2,1,good
150,no checking,critical/other existing credit,18,1582,4,4,46,2,1,good
151,no checking,existing paid,6,1346,2,4,42,1,2,good
152,no checking,existing paid,10,1924,1,4,38,1,1,good
153,>=200,existing paid,36,5848,4,1,24,1,1,good
154,0<=X<200,critical/other existing credit,24,7758,2,4,29,1,1,good
155,0<=X<200,delayed previously,24,6967,4,4,36,1,1,good
156,<0,existing paid,12,1282,2,4,20,1,1,bad
157,<0,critical/other existing credit,9,1288,3,4,48,2,2,good
158,<0,all paid,12,339,4,1,45,1,1,good
159,0<=X<200,existing paid,24,3512,2,3,38,2,1,good
160,no checking,critical/other existing credit,6,1898,1,2,34,2,2,good
161,no checking,critical/other existing credit,24,2872,3,4,36,1,2,good
162,no checking,critical/other existing credit,18,1055,4,1,30,2,1,good
163,no checking,existing paid,15,1262,4,3,36,2,1,good
164,0<=X<200,existing paid,10,7308,2,4,70,1,1,good
165,no checking,existing paid,36,909,4,4,36,1,1,good
166,no checking,existing paid,6,2978,1,2,32,1,1,good
167,<0,existing paid,18,1131,4,2,33,1,1,bad
168,0<=X<200,existing paid,11,1577,4,1,20,1,1,good
169,no checking,existing paid,24,3972,2,4,25,1,1,good
170,0<=X<200,critical/other existing credit,24,1935,4,4,31,2,1,bad
171,<0,no credits/all paid,15,950,4,3,33,2,2,bad
172,no checking,existing paid,12,763,4,1,26,1,1,good
173,0<=X<200,delayed previously,24,2064,3,2,34,1,1,bad
174,0<=X<200,existing paid,8,1414,4,2,33,1,1,good
175,<0,delayed previously,21,3414,2,1,26,2,1,bad
176,no checking,all paid,30,7485,4,1,53,1,1,bad
177,<0,existing paid,12,2577,2,1,42,1,1,good
178,<0,critical/other existing credit,6,338,4,4,52,2,1,good
179,no checking,existing paid,12,1963,4,2,31,2,2,good
180,<0,critical/other existing credit,21,571,4,4,65,2,1,good
181,no checking,delayed previously,36,9572,1,1,28,2,1,bad
182,0<=X<200,delayed previously,36,4455,2,2,30,2,1,bad
183,<0,all paid,21,1647,4,2,40,2,2,bad
184,no checking,critical/other existing credit,24,3777,4,4,50,1,1,good
185,0<=X<200,critical/other existing credit,18,884,4,4,36,1,2,bad
186,no checking,critical/other existing credit,15,1360,4,2,31,2,1,good
187,0<=X<200,all paid,9,5129,2,4,74,1,2,bad
188,0<=X<200,critical/other existing credit,16,1175,2,3,68,3,1,good
189,<0,existing paid,12,674,4,1,20,1,1,bad
190,0<=X<200,no credits/all paid,18,3244,1,4,33,2,1,good
191,no checking,existing paid,24,4591,2,3,54,3,1,bad
192,0<=X<200,no credits/all paid,48,3844,4,4,34,1,2,bad
193,0<=X<200,existing paid,27,3915,4,2,36,1,2,bad
194,no checking,existing paid,6,2108,2,2,29,1,1,good
195,0<=X<200,existing paid,45,3031,4,4,21,1,1,bad
196,0<=X<200,critical/other existing credit,9,1501,2,3,34,2,1,bad
197,no checking,critical/other existing credit,6,1382,1,1,28,2,1,good
198,0<=X<200,existing paid,12,951,4,4,27,4,1,bad
199,0<=X<200,existing paid,24,2760,4,4,36,1,1,good
200,0<=X<200,delayed previously,18,4297,4,3,40,1,1,bad
201,no checking,critical/other existing credit,9,936,4,2,52,2,1,good
202,<0,existing paid,12,1168,4,3,27,1,1,good
203,no checking,delayed previously,27,5117,3,4,26,2,1,good
204,<0,existing paid,12,902,4,4,21,1,1,bad
205,no checking,critical/other existing credit,12,1495,4,1,38,2,2,good
206,<0,critical/other existing credit,30,10623,3,4,38,3,2,good
207,no checking,critical/other existing credit,12,1935,4,4,43,3,1,good
208,0<=X<200,critical/other existing credit,12,1424,4,3,26,1,1,good
209,<0,existing paid,24,6568,2,2,21,1,1,good
210,no checking,existing paid,12,1413,3,2,55,1,1,good
211,no checking,critical/other existing credit,9,3074,1,2,33,2,2,good
212,no checking,existing paid,36,3835,2,4,45,1,1,good
213,<0,no credits/all paid,27,5293,2,4,50,2,1,bad
214,>=200,delayed previously,30,1908,4,4,66,1,1,bad
215,no checking,critical/other existing credit,36,3342,4,2,51,1,1,good
216,0<=X<200,critical/other existing credit,6,932,1,3,39,2,1,good
217,<0,no credits/all paid,18,3104,3,1,31,1,1,good
218,>=200,existing paid,36,3913,2,2,23,1,1,good
219,<0,existing paid,24,3021,2,2,24,1,1,good
220,no checking,existing paid,10,1364,2,4,64,1,1,good
221,0<=X<200,existing paid,12,625,4,1,26,1,1,good
222,<0,existing paid,12,1200,4,4,23,1,1,good
223,no checking,existing paid,12,707,4,2,30,2,1,good
224,no checking,delayed previously,24,2978,4,4,32,2,2,good
225,no checking,existing paid,15,4657,3,2,30,1,1,good
226,no checking,no credits/all paid,36,2613,4,2,27,2,1,good
227,0<=X<200,existing paid,48,10961,1,2,27,2,1,bad
228,<0,existing paid,12,7865,4,4,53,1,1,bad
229,no checking,existing paid,9,1478,4,2,22,1,1,bad
230,<0,existing paid,24,3149,4,1,22,1,1,good
231,>=200,existing paid,36,4210,4,2,26,1,1,bad
232,no checking,existing paid,9,2507,2,4,51,1,1,good
233,no checking,existing paid,12,2141,3,1,35,1,1,good
234,0<=X<200,existing paid,18,866,4,2,25,1,1,good
235,no checking,critical/other existing credit,4,1544,2,1,42,3,2,good
236,<0,existing paid,24,1823,4,2,30,1,2,bad
237,0<=X<200,existing paid,6,14555,1,2,23,1,1,bad
238,0<=X<200,existing paid,21,2767,4,2,61,2,1,bad
239,no checking,critical/other existing credit,12,1291,4,2,35,2,1,good
240,<0,existing paid,30,2522,1,3,39,1,2,good
241,<0,existing paid,24,915,4,2,29,1,1,bad
242,no checking,existing paid,6,1595,3,2,51,1,2,good
243,<0,no credits/all paid,48,4605,3,4,24,2,2,bad
244,no checking,critical/other existing credit,12,1185,3,2,27,2,1,good
245,no checking,all paid,12,3447,4,3,35,1,2,good
246,no checking,existing paid,24,1258,4,1,25,1,1,good
247,no checking,critical/other existing credit,12,717,4,4,52,3,1,good
248,no checking,no credits/all paid,6,1204,4,1,35,1,1,good
249,>=200,existing paid,24,1925,2,2,26,1,1,good
250,no checking,existing paid,18,433,3,4,22,1,1,bad
251,<0,critical/other existing credit,6,666,3,4,39,2,1,good
252,>=200,existing paid,12,2251,1,2,46,1,1,good
253,0<=X<200,existing paid,30,2150,4,2,24,1,1,bad
254,no checking,delayed previously,24,4151,2,3,35,2,1,good
255,0<=X<200,existing paid,9,2030,2,1,24,1,1,good
256,0<=X<200,delayed previously,60,7418,1,1,27,1,1,good
257,no checking,critical/other existing credit,24,2684,4,2,35,2,1,good
258,<0,all paid,12,2149,4,1,29,1,1,bad
259,no checking,existing paid,15,3812,1,4,23,1,1,good
260,no checking,critical/other existing credit,11,1154,4,4,57,3,1,good
261,<0,existing paid,12,1657,2,2,27,1,1,good
262,<0,existing paid,24,1603,4,4,55,1,1,good
263,<0,critical/other existing credit,18,5302,2,4,36,3,1,good
264,no checking,critical/other existing credit,12,2748,2,4,57,3,1,good
265,no checking,critical/other existing credit,10,1231,3,4,32,2,2,good
266,0<=X<200,existing paid,15,802,4,3,37,1,2,bad
267,no checking,critical/other existing credit,36,6304,4,4,36,2,1,good
268,no checking,existing paid,24,1533,4,3,38,1,1,good
269,<0,existing paid,14,8978,1,4,45,1,1,bad
270,no checking,existing paid,24,999,4,2,25,2,1,good
271,no checking,existing paid,18,2662,4,3,32,1,1,good
272,no checking,critical/other existing credit,12,1402,3,4,37,1,1,good
273,0<=X<200,all paid,48,12169,4,4,36,1,1,good
274,0<=X<200,existing paid,48,3060,4,4,28,2,1,bad
275,<0,existing paid,30,11998,1,1,34,1,1,bad
276,no checking,existing paid,9,2697,1,2,32,1,2,good
277,no checking,critical/other existing credit,18,2404,2,2,26,2,1,good
278,<0,existing paid,12,1262,2,4,49,1,1,good
279,no checking,existing paid,6,4611,1,4,32,1,1,bad
280,no checking,existing paid,24,1901,4,4,29,1,1,good
281,no checking,critical/other existing credit,15,3368,3,4,23,2,1,good
282,no checking,existing paid,12,1574,4,2,50,1,1,good
283,>=200,all paid,18,1445,4,4,49,1,1,good
284,no checking,critical/other existing credit,15,1520,4,4,63,1,1,good
285,0<=X<200,critical/other existing credit,24,3878,4,2,37,1,1,good
286,<0,existing paid,47,10722,1,1,35,1,1,good
287,<0,existing paid,48,4788,4,3,26,1,2,good
288,0<=X<200,delayed previously,48,7582,2,4,31,1,1,good
289,0<=X<200,existing paid,12,1092,4,4,49,2,1,good
290,<0,delayed previously,24,1024,4,4,48,1,1,bad
291,no checking,existing paid,12,1076,2,2,26,1,1,good
292,0<=X<200,existing paid,36,9398,1,4,28,1,1,bad
293,<0,critical/other existing credit,24,6419,2,4,44,2,2,good
294,>=200,critical/other existing credit,42,4796,4,4,56,1,1,good
295,no checking,critical/other existing credit,48,7629,4,2,46,2,2,good
296,0<=X<200,existing paid,48,9960,1,2,26,1,1,bad
297,no checking,existing paid,12,4675,1,4,20,1,1,good
298,no checking,existing paid,10,1287,4,2,45,1,1,good
299,no checking,existing paid,18,2515,3,4,43,1,1,good
300,0<=X<200,critical/other existing credit,21,2745,3,2,32,2,1,good
301,no checking,existing paid,6,672,1,4,54,1,1,good
302,0<=X<200,no credits/all paid,36,3804,4,1,42,1,1,bad
303,>=200,critical/other existing credit,24,1344,4,2,37,2,2,bad
304,<0,critical/other existing credit,10,1038,4,3,49,2,1,good
305,no checking,critical/other existing credit,48,10127,2,2,44,1,1,bad
306,no checking,existing paid,6,1543,4,2,33,1,1,good
307,no checking,existing paid,30,4811,2,4,24,1,1,good
308,<0,existing paid,12,727,4,3,33,1,1,bad
309,0<=X<200,existing paid,8,1237,3,4,24,1,1,bad
310,0<=X<200,existing paid,9,276,4,4,22,1,1,good
311,0<=X<200,existing paid,48,5381,3,4,40,1,1,good
312,no checking,existing paid,24,5511,4,1,25,1,1,good
313,>=200,existing paid,24,3749,2,4,26,1,1,good
314,0<=X<200,existing paid,12,685,2,3,25,1,1,bad
315,>=200,existing paid,4,1494,1,2,29,1,2,good
316,<0,all paid,36,2746,4,4,31,1,1,bad
317,<0,existing paid,12,708,2,3,38,1,2,good
318,0<=X<200,existing paid,24,4351,1,4,48,1,1,good
319,no checking,critical/other existing credit,12,701,4,2,32,2,1,good
320,<0,delayed previously,15,3643,1,4,27,2,1,good
321,0<=X<200,critical/other existing credit,30,4249,4,2,28,2,1,bad
322,<0,existing paid,24,1938,4,3,32,1,1,bad
323,<0,existing paid,24,2910,2,1,34,1,1,good
324,<0,existing paid,18,2659,4,2,28,1,1,good
325,no checking,critical/other existing credit,18,1028,4,3,36,2,1,good
326,<0,critical/other existing credit,8,3398,1,4,39,2,1,good
327,no checking,critical/other existing credit,12,5801,2,4,49,1,1,good
328,no checking,existing paid,24,1525,4,3,34,1,2,good
329,>=200,existing paid,36,4473,4,2,31,1,1,good
330,0<=X<200,existing paid,6,1068,4,4,28,1,2,good
331,<0,critical/other existing credit,24,6615,2,4,75,2,1,good
332,no checking,critical/other existing credit,18,1864,4,2,30,2,1,bad
333,0<=X<200,existing paid,60,7408,4,2,24,1,1,bad
334,no checking,critical/other existing credit,48,11590,2,4,24,2,1,bad
335,<0,no credits/all paid,24,4110,3,4,23,2,2,bad
336,<0,critical/other existing credit,6,3384,1,4,44,1,1,bad
337,0<=X<200,existing paid,13,2101,2,4,23,1,1,good
338,<0,existing paid,15,1275,4,2,24,1,1,bad
339,<0,existing paid,24,4169,4,4,28,1,1,good
340,0<=X<200,existing paid,10,1521,4,2,31,1,1,good
341,0<=X<200,critical/other existing credit,24,5743,2,4,24,2,1,good
342,<0,existing paid,21,3599,1,4,26,1,1,good
343,0<=X<200,existing paid,18,3213,1,3,25,1,1,good
344,0<=X<200,existing paid,18,4439,1,1,33,1,1,good
345,>=200,existing paid,10,3949,1,1,37,1,2,good
346,no checking,critical/other existing credit,15,1459,4,2,43,1,1,good
347,0<=X<200,critical/other existing credit,13,882,4,4,23,2,1,good
348,0<=X<200,existing paid,24,3758,1,4,23,1,1,good
349,no checking,delayed previously,6,1743,1,2,34,2,1,good
350,0<=X<200,critical/other existing credit,9,1136,4,3,32,2,2,bad
351,no checking,existing paid,9,1236,1,4,23,1,1,good
352,0<=X<200,existing paid,9,959,1,2,29,1,1,bad
353,no checking,critical/other existing credit,18,3229,2,4,38,1,1,good
354,<0,no credits/all paid,12,6199,4,2,28,2,1,bad
355,no checking,existing paid,10,727,4,4,46,1,1,good
356,0<=X<200,existing paid,24,1246,4,2,23,1,1,bad
357,no checking,critical/other existing credit,12,2331,1,4,49,1,1,good
358,no checking,delayed previously,36,4463,4,2,26,2,1,bad
359,no checking,existing paid,12,776,4,2,28,1,1,good
360,<0,existing paid,30,2406,4,4,23,1,1,bad
361,0<=X<200,existing paid,18,1239,4,4,61,1,1,good
362,>=200,existing paid,12,3399,2,3,37,1,1,good
363,>=200,delayed previously,12,2247,2,2,36,2,1,good
364,no checking,existing paid,6,1766,1,2,21,1,1,good
365,<0,existing paid,18,2473,4,1,25,1,1,bad
366,no checking,existing paid,12,1542,2,4,36,1,1,good
367,no checking,critical/other existing credit,18,3850,3,1,27,2,1,good
368,<0,existing paid,18,3650,1,4,22,1,1,good
369,<0,existing paid,36,3446,4,2,42,1,2,bad
370,0<=X<200,existing paid,18,3001,2,4,40,1,1,good
371,no checking,existing paid,36,3079,4,4,36,1,1,good
372,no checking,critical/other existing credit,18,6070,3,4,33,2,1,good
373,no checking,critical/other existing credit,10,2146,1,3,23,2,1,good
374,no checking,critical/other existing credit,60,13756,2,4,63,1,1,good
375,0<=X<200,all paid,60,14782,3,4,60,2,1,bad
376,<0,all paid,48,7685,2,4,37,1,1,bad
377,no checking,delayed previously,18,2320,2,3,34,2,1,good
378,no checking,delayed previously,7,846,3,4,36,1,1,good
379,0<=X<200,existing paid,36,14318,4,2,57,1,1,bad
380,no checking,critical/other existing credit,6,362,4,4,52,2,1,good
381,<0,existing paid,20,2212,4,4,39,1,1,good
382,0<=X<200,existing paid,18,12976,3,4,38,1,1,bad
383,no checking,existing paid,22,1283,4,4,25,1,1,good
384,>=200,existing paid,12,1330,4,1,26,1,1,good
385,no checking,delayed previously,30,4272,2,2,26,2,1,good
386,no checking,critical/other existing credit,18,2238,2,1,25,2,1,good
387,no checking,existing paid,18,1126,4,2,21,1,1,good
388,0<=X<200,critical/other existing credit,18,7374,4,4,40,2,1,good
389,0<=X<200,critical/other existing credit,15,2326,2,4,27,1,1,good
390,no checking,existing paid,9,1449,3,2,27,2,1,good
391,no checking,existing paid,18,1820,2,2,30,1,1,good
392,0<=X<200,existing paid,12,983,1,4,19,1,1,good
393,<0,existing paid,36,3249,2,4,39,1,2,good
394,<0,critical/other existing credit,6,1957,1,4,31,1,1,good
395,no checking,critical/other existing credit,9,2406,2,3,31,1,1,good
396,0<=X<200,delayed previously,39,11760,2,3,32,1,1,good
397,<0,existing paid,12,2578,3,4,55,1,1,good
398,<0,critical/other existing credit,36,2348,3,2,46,2,1,good
399,0<=X<200,existing paid,12,1223,1,1,46,2,1,bad
400,no checking,critical/other existing credit,24,1516,4,1,43,2,1,good
401,no checking,existing paid,18,1473,3,4,39,1,1,good
402,0<=X<200,critical/other existing credit,18,1887,4,4,28,2,1,good
403,no checking,delayed previously,24,8648,2,2,27,2,1,bad
404,no checking,delayed previously,14,802,4,2,27,2,1,good
405,0<=X<200,delayed previously,18,2899,4,4,43,1,2,good
406,0<=X<200,existing paid,24,2039,1,1,22,1,1,bad
407,no checking,critical/other existing credit,24,2197,4,4,43,2,2,good
408,<0,existing paid,15,1053,4,2,27,1,1,good
409,no checking,existing paid,24,3235,3,2,26,1,1,good
410,>=200,critical/other existing credit,12,939,4,2,28,3,1,bad
411,0<=X<200,existing paid,24,1967,4,4,20,1,1,good
412,no checking,critical/other existing credit,33,7253,3,2,35,2,1,good
413,no checking,critical/other existing credit,12,2292,4,2,42,2,1,bad
414,no checking,existing paid,10,1597,3,2,40,1,2,good
415,<0,existing paid,24,1381,4,2,35,1,1,bad
416,no checking,critical/other existing credit,36,5842,2,2,35,2,2,good
417,<0,existing paid,12,2579,4,1,33,1,2,bad
418,<0,delayed previously,18,8471,1,2,23,2,1,good
419,no checking,existing paid,21,2782,1,2,31,1,1,good
420,0<=X<200,existing paid,18,1042,4,2,33,1,1,bad
421,no checking,existing paid,15,3186,2,3,20,1,1,good
422,0<=X<200,existing paid,12,2028,4,2,30,1,1,good
423,0<=X<200,critical/other existing credit,12,958,2,3,47,2,2,good
424,no checking,delayed previously,21,1591,4,3,34,2,1,good
425,0<=X<200,existing paid,12,2762,1,2,25,1,1,bad
426,0<=X<200,existing paid,18,2779,1,3,21,1,1,good
427,no checking,critical/other existing credit,28,2743,4,2,29,2,1,good
428,no checking,critical/other existing credit,18,1149,4,3,46,2,1,good
429,no checking,existing paid,9,1313,1,4,20,1,1,good
430,<0,critical/other existing credit,18,1190,2,4,55,3,2,bad
431,no checking,existing paid,5,3448,1,4,74,1,1,good
432,0<=X<200,existing paid,24,11328,2,3,29,2,1,bad
433,<0,critical/other existing credit,6,1872,4,4,36,3,1,good
434,no checking,critical/other existing credit,24,2058,4,2,33,2,1,good
435,<0,existing paid,9,2136,3,2,25,1,1,good
436,0<=X<200,existing paid,12,1484,2,1,25,1,1,bad
437,no checking,existing paid,6,660,2,4,23,1,1,good
438,no checking,critical/other existing credit,24,1287,4,4,37,2,1,good
439,<0,critical/other existing credit,42,3394,4,4,65,2,1,good
440,>=200,all paid,12,609,4,1,26,1,1,bad
441,no checking,existing paid,12,1884,4,4,39,1,1,good
442,<0,existing paid,12,1620,2,3,30,1,1,good
443,0<=X<200,delayed previously,20,2629,2,3,29,2,1,good
444,no checking,existing paid,12,719,4,4,41,1,2,bad
445,0<=X<200,critical/other existing credit,48,5096,2,3,30,1,1,bad
446,no checking,critical/other existing credit,9,1244,4,4,41,2,1,good
447,<0,existing paid,36,1842,4,4,34,1,1,bad
448,0<=X<200,existing paid,7,2576,2,2,35,1,1,good
449,>=200,existing paid,12,1424,3,4,55,1,1,good
450,0<=X<200,delayed previously,15,1512,3,3,61,2,1,bad
451,no checking,critical/other existing credit,36,11054,4,2,30,1,1,good
452,no checking,existing paid,6,518,3,1,29,1,1,good
453,no checking,no credits/all paid,12,2759,2,4,34,2,1,good
454,no checking,existing paid,24,2670,4,4,35,1,1,good
455,<0,existing paid,24,4817,2,3,31,1,1,bad
456,no checking,existing paid,24,2679,4,1,29,1,1,good
457,<0,critical/other existing credit,11,3905,2,2,36,2,2,good
458,<0,existing paid,12,3386,3,4,35,1,1,bad
459,<0,existing paid,6,343,4,1,27,1,1,good
460,no checking,existing paid,18,4594,3,2,32,1,1,good
461,<0,existing paid,36,3620,1,2,37,1,2,good
462,<0,existing paid,15,1721,2,3,36,1,1,good
463,0<=X<200,existing paid,12,3017,3,1,34,1,1,good
464,0<=X<200,existing paid,12,754,4,4,38,2,1,good
465,no checking,existing paid,18,1950,4,1,34,2,1,good
466,<0,existing paid,24,2924,3,4,63,1,2,good
467,<0,delayed previously,24,1659,4,2,29,1,1,bad
468,no checking,delayed previously,48,7238,3,3,32,2,2,good
469,no checking,delayed previously,33,2764,2,2,26,2,1,good
470,no checking,delayed previously,24,4679,3,3,35,2,1,good
471,0<=X<200,existing paid,24,3092,3,2,22,1,1,bad
472,<0,existing paid,6,448,4,4,23,1,1,bad
473,<0,existing paid,9,654,4,3,28,1,1,bad
474,no checking,existing paid,6,1238,4,4,36,1,2,good
475,0<=X<200,critical/other existing credit,18,1245,4,2,33,1,1,bad
476,<0,no credits/all paid,18,3114,1,4,26,1,1,bad
477,no checking,existing paid,39,2569,4,4,24,1,1,good
478,>=200,existing paid,24,5152,4,2,25,1,1,good
479,0<=X<200,existing paid,12,1037,3,4,39,1,1,good
480,<0,critical/other existing credit,15,1478,4,4,44,2,2,good
481,0<=X<200,critical/other existing credit,12,3573,1,1,23,1,1,good
482,0<=X<200,existing paid,24,1201,4,1,26,1,1,good
483,<0,existing paid,30,3622,4,4,57,2,1,good
484,no checking,delayed previously,15,960,3,2,30,2,1,good
485,no checking,critical/other existing credit,12,1163,4,4,44,1,1,good
486,0<=X<200,delayed previously,6,1209,4,4,47,1,1,bad
487,no checking,existing paid,12,3077,2,4,52,1,1,good
488,no checking,existing paid,24,3757,4,4,62,1,1,good
489,no checking,existing paid,10,1418,3,2,35,1,1,good
490,no checking,existing paid,6,3518,2,3,26,1,1,good
491,no checking,critical/other existing credit,12,1934,2,2,26,2,1,good
492,0<=X<200,no credits/all paid,27,8318,2,4,42,2,1,bad
493,no checking,critical/other existing credit,6,1237,1,1,27,2,1,good
494,0<=X<200,existing paid,6,368,4,4,38,1,1,good
495,<0,critical/other existing credit,12,2122,3,2,39,2,2,good
496,<0,existing paid,24,2996,2,4,20,1,1,bad
497,0<=X<200,existing paid,36,9034,4,1,29,1,1,bad
498,no checking,critical/other existing credit,24,1585,4,3,40,2,1,good
499,0<=X<200,existing paid,18,1301,4,2,32,1,1,good
500,>=200,critical/other existing credit,6,1323,2,4,28,2,2,good
501,<0,existing paid,24,3123,4,1,27,1,1,bad
502,<0,existing paid,36,5493,2,4,42,1,2,good
503,>=200,existing paid,9,1126,2,4,49,1,1,good
504,0<=X<200,critical/other existing credit,24,1216,4,4,38,2,2,bad
505,<0,existing paid,24,1207,4,4,24,1,1,bad
506,no checking,existing paid,10,1309,4,4,27,1,1,bad
507,>=200,critical/other existing credit,15,2360,2,2,36,1,1,good
508,0<=X<200,all paid,15,6850,1,2,34,1,2,bad
509,no checking,existing paid,24,1413,4,2,28,1,1,good
510,no checking,existing paid,39,8588,4,2,45,1,1,good
511,<0,existing paid,12,759,4,2,26,1,1,bad
512,no checking,existing paid,36,4686,2,2,32,1,1,good
513,>=200,existing paid,15,2687,2,4,26,1,1,good
514,0<=X<200,delayed previously,12,585,4,4,20,2,1,good
515,no checking,existing paid,24,2255,4,1,54,1,1,good
516,<0,critical/other existing credit,6,609,4,3,37,2,1,good
517,<0,critical/other existing credit,6,1361,2,4,40,1,2,good
518,no checking,critical/other existing credit,36,7127,2,4,23,2,1,bad
519,<0,existing paid,6,1203,3,2,43,1,1,good
520,no checking,critical/other existing credit,6,700,4,4,36,2,1,good
521,no checking,critical/other existing credit,24,5507,3,4,44,2,1,good
522,<0,existing paid,18,3190,2,2,24,1,1,bad
523,<0,no credits/all paid,48,7119,3,4,53,2,2,bad
524,no checking,existing paid,24,3488,3,4,23,1,1,good
525,0<=X<200,existing paid,18,1113,4,4,26,1,2,good
526,0<=X<200,existing paid,26,7966,2,3,30,2,1,good
527,no checking,critical/other existing credit,15,1532,4,3,31,1,1,good
528,no checking,critical/other existing credit,4,1503,2,1,42,2,2,good
529,<0,existing paid,36,2302,4,4,31,1,1,bad
530,<0,existing paid,6,662,3,4,41,1,2,good
531,0<=X<200,existing paid,36,2273,3,1,32,2,2,good
532,0<=X<200,existing paid,15,2631,2,4,28,2,1,bad
533,no checking,delayed previously,12,1503,4,4,41,1,1,good
534,no checking,existing paid,24,1311,4,3,26,1,1,good
535,no checking,existing paid,24,3105,4,2,25,2,1,good
536,>=200,critical/other existing credit,21,2319,2,1,33,1,1,bad
537,<0,existing paid,6,1374,4,3,75,1,1,good
538,0<=X<200,critical/other existing credit,18,3612,3,4,37,1,1,good
539,<0,existing paid,48,7763,4,4,42,1,1,bad
540,>=200,existing paid,18,3049,1,1,45,1,1,good
541,0<=X<200,existing paid,12,1534,1,1,23,1,1,bad
542,no checking,delayed previously,24,2032,4,4,60,2,1,good
543,<0,existing paid,30,6350,4,4,31,1,1,bad
544,>=200,existing paid,18,2864,2,1,34,1,2,bad
545,no checking,critical/other existing credit,12,1255,4,4,61,2,1,good
546,<0,delayed previously,24,1333,4,2,43,2,2,bad
547,no checking,critical/other existing credit,24,2022,4,4,37,1,1,good
548,no checking,existing paid,24,1552,3,1,32,1,2,good
549,<0,all paid,12,626,4,4,24,1,1,bad
550,no checking,critical/other existing credit,48,8858,2,1,35,2,1,good
551,no checking,critical/other existing credit,12,996,4,4,23,2,1,good
552,no checking,all paid,6,1750,2,4,45,1,2,good
553,<0,existing paid,48,6999,1,1,34,2,1,bad
554,0<=X<200,critical/other existing credit,12,1995,4,1,27,1,1,good
555,0<=X<200,existing paid,9,1199,4,4,67,2,1,good
556,0<=X<200,existing paid,12,1331,2,1,22,1,1,bad
557,0<=X<200,no credits/all paid,18,2278,3,3,28,2,1,bad
558,no checking,no credits/all paid,21,5003,1,4,29,2,1,bad
559,<0,all paid,24,3552,3,4,27,1,1,bad
560,0<=X<200,critical/other existing credit,18,1928,2,2,31,2,1,bad
561,<0,existing paid,24,2964,4,4,49,1,2,good
562,<0,all paid,24,1546,4,4,24,1,1,bad
563,>=200,delayed previously,6,683,2,1,29,1,1,good
564,0<=X<200,existing paid,36,12389,1,4,37,1,1,bad
565,0<=X<200,delayed previously,24,4712,4,2,37,2,1,good
566,0<=X<200,delayed previously,24,1553,3,2,23,2,1,good
567,<0,existing paid,12,1372,2,3,36,1,1,bad
568,no checking,critical/other existing credit,24,2578,2,2,34,1,1,good
569,0<=X<200,existing paid,48,3979,4,1,41,2,2,good
570,<0,existing paid,48,6758,3,2,31,1,1,bad
571,<0,existing paid,24,3234,4,4,23,1,1,bad
572,no checking,critical/other existing credit,30,5954,3,2,38,1,1,good
573,no checking,existing paid,24,5433,2,4,26,1,1,good
574,<0,existing paid,15,806,4,4,22,1,1,good
575,0<=X<200,existing paid,9,1082,4,4,27,2,1,good
576,no checking,critical/other existing credit,15,2788,2,3,24,2,1,good
577,0<=X<200,existing paid,12,2930,2,1,27,1,1,good
578,no checking,critical/other existing credit,24,1927,3,2,33,2,1,good
579,0<=X<200,critical/other existing credit,36,2820,4,4,27,2,1,bad
580,no checking,existing paid,24,937,4,3,27,2,1,good
581,0<=X<200,critical/other existing credit,18,1056,3,3,30,2,1,bad
582,0<=X<200,critical/other existing credit,12,3124,1,3,49,2,2,good
583,no checking,existing paid,9,1388,4,2,26,1,1,good
584,0<=X<200,existing paid,36,2384,4,1,33,1,1,bad
585,no checking,existing paid,12,2133,4,4,52,1,1,good
586,<0,existing paid,18,2039,1,4,20,1,1,bad
587,<0,critical/other existing credit,9,2799,2,2,36,2,2,good
588,<0,existing paid,12,1289,4,1,21,1,1,good
589,<0,existing paid,18,1217,4,3,47,1,1,bad
590,<0,critical/other existing credit,12,2246,3,3,60,2,1,bad
591,<0,critical/other existing credit,12,385,4,3,58,4,1,good
592,0<=X<200,delayed previously,24,1965,4,4,42,2,1,good
593,no checking,existing paid,21,1572,4,4,36,1,1,good
594,0<=X<200,existing paid,24,2718,3,4,20,1,1,bad
595,<0,all paid,24,1358,4,3,40,1,1,bad
596,0<=X<200,all paid,6,931,1,1,32,1,1,bad
597,<0,existing paid,24,1442,4,4,23,2,1,bad
598,0<=X<200,no credits/all paid,24,4241,1,4,36,3,1,bad
599,no checking,critical/other existing credit,18,2775,2,2,31,2,1,bad
600,no checking,delayed previously,24,3863,1,2,32,1,1,good
601,0<=X<200,existing paid,7,2329,1,1,45,1,1,good
602,0<=X<200,existing paid,9,918,4,1,30,1,1,bad
603,0<=X<200,all paid,24,1837,4,4,34,1,1,bad
604,no checking,existing paid,36,3349,4,2,28,1,1,bad
605,>=200,existing paid,10,1275,4,2,23,1,1,good
606,<0,all paid,24,2828,4,4,22,1,1,good
607,no checking,critical/other existing credit,24,4526,3,2,74,1,1,good
608,0<=X<200,existing paid,36,2671,4,4,50,1,1,bad
609,no checking,existing paid,18,2051,4,1,33,1,1,good
610,no checking,existing paid,15,1300,4,4,45,1,2,good
611,<0,existing paid,12,741,4,3,22,1,1,bad
612,>=200,existing paid,10,1240,1,4,48,1,2,bad
613,<0,existing paid,21,3357,4,2,29,1,1,good
614,<0,all paid,24,3632,1,4,22,1,1,good
615,no checking,delayed previously,18,1808,4,1,22,1,1,bad
616,0<=X<200,no credits/all paid,48,12204,2,2,48,1,1,good
617,0<=X<200,delayed previously,60,9157,2,2,27,1,1,good
618,<0,critical/other existing credit,6,3676,1,3,37,3,2,good
619,0<=X<200,existing paid,30,3441,2,4,21,1,1,bad
620,no checking,existing paid,12,640,4,2,49,1,1,good
621,0<=X<200,critical/other existing credit,21,3652,2,3,27,2,1,good
622,no checking,critical/other existing credit,18,1530,3,2,32,2,1,bad
623,no checking,existing paid,48,3914,4,2,38,1,1,bad
624,<0,existing paid,12,1858,4,1,22,1,1,good
625,<0,existing paid,18,2600,4,4,65,2,1,bad
626,no checking,existing paid,15,1979,4,2,35,1,1,good
627,>=200,existing paid,6,2116,2,2,41,1,1,good
628,0<=X<200,all paid,9,1437,2,3,29,1,1,bad
629,no checking,critical/other existing credit,42,4042,4,4,36,2,1,good
630,no checking,existing paid,9,3832,1,4,64,1,1,good
631,<0,existing paid,24,3660,2,4,28,1,1,good
632,<0,all paid,18,1553,4,3,44,1,1,bad
633,0<=X<200,existing paid,15,1444,4,1,23,1,1,good
634,no checking,existing paid,9,1980,2,2,19,2,1,bad
635,0<=X<200,existing paid,24,1355,3,4,25,1,1,bad
636,no checking,existing paid,12,1393,4,4,47,3,2,good
637,no checking,existing paid,24,1376,4,1,28,1,1,good
638,no checking,delayed previously,60,15653,2,4,21,2,1,good
639,no checking,existing paid,12,1493,4,3,34,1,2,good
640,<0,delayed previously,42,4370,3,2,26,2,2,bad
641,<0,existing paid,18,750,4,1,27,1,1,bad
642,0<=X<200,existing paid,15,1308,4,4,38,2,1,good
643,no checking,existing paid,15,4623,3,2,40,1,1,bad
644,no checking,critical/other existing credit,24,1851,4,2,33,2,1,good
645,<0,critical/other existing credit,18,1880,4,1,32,2,1,good
646,no checking,delayed previously,36,7980,4,4,27,2,1,bad
647,<0,no credits/all paid,30,4583,2,2,32,2,1,good
648,no checking,existing paid,12,1386,2,2,26,1,1,bad
649,>=200,existing paid,24,947,4,3,38,1,2,bad
650,<0,existing paid,12,684,4,4,40,1,2,bad
651,<0,existing paid,48,7476,4,1,50,1,1,good
652,0<=X<200,existing paid,12,1922,4,2,37,1,1,bad
653,<0,existing paid,24,2303,4,1,45,1,1,bad
654,0<=X<200,delayed previously,36,8086,2,4,42,4,1,bad
655,no checking,critical/other existing credit,24,2346,4,3,35,2,1,good
656,<0,existing paid,14,3973,1,4,22,1,1,good
657,0<=X<200,existing paid,12,888,4,4,41,1,2,bad
658,no checking,existing paid,48,10222,4,3,37,1,1,good
659,0<=X<200,no credits/all paid,30,4221,2,1,28,2,1,good
660,0<=X<200,critical/other existing credit,18,6361,2,1,41,1,1,good
661,>=200,existing paid,12,1297,3,4,23,1,1,good
662,<0,existing paid,12,900,4,2,23,1,1,bad
663,no checking,existing paid,21,2241,4,2,50,2,1,good
664,0<=X<200,delayed previously,6,1050,4,1,35,2,1,good
665,>=200,critical/other existing credit,6,1047,2,4,50,1,1,good
666,no checking,critical/other existing credit,24,6314,4,2,27,2,1,good
667,0<=X<200,all paid,30,3496,4,2,34,1,2,good
668,no checking,all paid,48,3609,1,1,27,1,1,good
669,<0,critical/other existing credit,12,4843,3,4,43,2,1,bad
670,>=200,critical/other existing credit,30,3017,4,4,47,1,1,good
671,no checking,critical/other existing credit,24,4139,3,3,27,2,1,good
672,no checking,existing paid,36,5742,2,2,31,2,1,good
673,no checking,existing paid,60,10366,2,4,42,1,1,good
674,no checking,critical/other existing credit,6,2080,1,2,24,1,1,good
675,no checking,delayed previously,21,2580,4,2,41,1,2,bad
676,no checking,critical/other existing credit,30,4530,4,4,26,1,1,good
677,no checking,critical/other existing credit,24,5150,4,4,33,1,1,good
678,0<=X<200,existing paid,72,5595,2,2,24,1,1,bad
679,<0,existing paid,24,2384,4,4,64,1,1,good
680,no checking,existing paid,18,1453,3,1,26,1,1,good
681,no checking,existing paid,6,1538,1,2,56,1,1,good
682,no checking,existing paid,12,2279,4,4,37,1,1,good
683,no checking,delayed previously,15,1478,4,3,33,2,1,good
684,no checking,critical/other existing credit,24,5103,3,3,47,3,1,good
685,0<=X<200,delayed previously,36,9857,1,3,31,2,2,good
686,no checking,existing paid,60,6527,4,4,34,1,2,good
687,>=200,critical/other existing credit,10,1347,4,2,27,2,1,good
688,0<=X<200,delayed previously,36,2862,4,3,30,1,1,good
689,no checking,existing paid,9,2753,3,4,35,1,1,good
690,<0,existing paid,12,3651,1,3,31,1,2,good
691,<0,critical/other existing credit,15,975,2,3,25,2,1,good
692,0<=X<200,existing paid,15,2631,3,2,25,1,1,good
693,0<=X<200,existing paid,24,2896,2,1,29,1,1,good
694,<0,critical/other existing credit,6,4716,1,3,44,2,2,good
695,no checking,existing paid,24,2284,4,2,28,1,1,good
696,no checking,existing paid,6,1236,2,4,50,1,1,good
697,0<=X<200,existing paid,12,1103,4,3,29,2,1,good
698,no checking,critical/other existing credit,12,926,1,2,38,1,1,good
699,no checking,critical/other existing credit,18,1800,4,2,24,2,1,good
700,>=200,existing paid,15,1905,4,4,40,1,1,good
701,no checking,existing paid,12,1123,4,4,29,1,1,bad
702,<0,critical/other existing credit,48,6331,4,4,46,2,1,bad
703,>=200,existing paid,24,1377,4,2,47,1,1,good
704,0<=X<200,delayed previously,30,2503,4,2,41,2,1,good
705,0<=X<200,existing paid,27,2528,4,1,32,1,2,good
706,no checking,existing paid,15,5324,1,4,35,1,1,good
707,0<=X<200,existing paid,48,6560,3,2,24,1,1,bad
708,0<=X<200,no credits/all paid,12,2969,4,3,25,2,1,bad
709,0<=X<200,existing paid,9,1206,4,4,25,1,1,good
710,0<=X<200,existing paid,9,2118,2,2,37,1,2,good
711,no checking,critical/other existing credit,18,629,4,3,32,2,1,good
712,<0,all paid,6,1198,4,4,35,1,1,bad
713,no checking,existing paid,21,2476,4,4,46,1,1,good
714,<0,critical/other existing credit,9,1138,4,4,25,2,1,good
715,0<=X<200,existing paid,60,14027,4,2,27,1,1,bad
716,no checking,critical/other existing credit,30,7596,1,4,63,2,1,good
717,no checking,critical/other existing credit,30,3077,3,2,40,2,2,good
718,no checking,existing paid,18,1505,4,2,32,1,1,good
719,>=200,critical/other existing credit,24,3148,3,2,31,2,1,good
720,0<=X<200,no credits/all paid,20,6148,3,4,31,2,1,good
721,>=200,no credits/all paid,9,1337,4,2,34,2,1,bad
722,0<=X<200,all paid,6,433,4,2,24,1,2,bad
723,<0,existing paid,12,1228,4,2,24,1,1,bad
724,0<=X<200,existing paid,9,790,4,3,66,1,1,good
725,no checking,existing paid,27,2570,3,3,21,1,1,bad
726,no checking,critical/other existing credit,6,250,2,2,41,2,1,good
727,no checking,critical/other existing credit,15,1316,2,2,47,2,1,good
728,<0,existing paid,18,1882,4,4,25,2,1,bad
729,0<=X<200,all paid,48,6416,4,3,59,1,1,bad
730,>=200,critical/other existing credit,24,1275,2,4,36,2,1,good
731,0<=X<200,delayed previously,24,6403,1,2,33,1,1,good
732,<0,existing paid,24,1987,2,4,21,1,2,bad
733,0<=X<200,existing paid,8,760,4,2,44,1,1,good
734,no checking,existing paid,24,2603,2,4,28,1,1,good
735,no checking,critical/other existing credit,4,3380,1,1,37,1,2,good
736,0<=X<200,all paid,36,3990,3,2,29,1,1,good
737,0<=X<200,existing paid,24,11560,1,4,23,2,1,bad
738,<0,existing paid,18,4380,3,4,35,1,2,good
739,no checking,critical/other existing credit,6,6761,1,3,45,2,2,good
740,0<=X<200,no credits/all paid,30,4280,4,4,26,2,1,bad
741,<0,all paid,24,2325,2,3,32,1,1,good
742,0<=X<200,all paid,10,1048,4,4,23,1,1,good
743,no checking,existing paid,21,3160,4,3,41,1,1,good
744,<0,all paid,24,2483,4,4,22,1,1,good
745,<0,critical/other existing credit,39,14179,4,4,30,2,1,good
746,<0,critical/other existing credit,13,1797,3,1,28,2,1,good
747,<0,existing paid,15,2511,1,4,23,1,1,good
748,<0,existing paid,12,1274,3,1,37,1,1,bad
749,no checking,existing paid,21,5248,1,3,26,1,1,good
750,no checking,existing paid,15,3029,2,2,33,1,1,good
751,<0,existing paid,6,428,2,1,49,1,1,good
752,<0,existing paid,18,976,1,2,23,1,1,bad
753,0<=X<200,existing paid,12,841,2,4,23,1,1,good
754,no checking,critical/other existing credit,30,5771,4,2,25,2,1,good
755,no checking,delayed previously,12,1555,4,4,55,2,2,bad
756,<0,existing paid,24,1285,4,4,32,1,1,bad
757,>=200,critical/other existing credit,6,1299,1,1,74,3,2,good
758,>=200,critical/other existing credit,15,1271,3,4,39,2,1,bad
759,no checking,existing paid,24,1393,2,2,31,1,1,good
760,<0,critical/other existing credit,12,691,4,3,35,2,1,bad
761,no checking,critical/other existing credit,15,5045,1,4,59,1,1,good
762,<0,critical/other existing credit,18,2124,4,4,24,2,1,bad
763,<0,existing paid,12,2214,4,3,24,1,1,good
764,no checking,critical/other existing credit,21,12680,4,4,30,1,1,bad
765,no checking,critical/other existing credit,24,2463,4,3,27,2,1,good
766,0<=X<200,existing paid,12,1155,3,3,40,2,1,good
767,<0,existing paid,30,3108,2,4,31,1,1,bad
768,no checking,existing paid,10,2901,1,4,31,1,1,good
769,0<=X<200,critical/other existing credit,12,3617,1,4,28,3,1,good
770,no checking,critical/other existing credit,12,1655,2,4,63,2,1,good
771,<0,existing paid,24,2812,2,4,26,1,1,good
772,<0,critical/other existing credit,36,8065,3,2,25,2,1,bad
773,no checking,critical/other existing credit,21,3275,1,4,36,1,1,good
774,no checking,critical/other existing credit,24,2223,4,4,52,2,1,good
775,>=200,critical/other existing credit,12,1480,2,4,66,3,1,good
776,<0,existing paid,24,1371,4,4,25,1,1,bad
777,no checking,critical/other existing credit,36,3535,4,4,37,2,1,good
778,<0,existing paid,18,3509,4,1,25,1,1,good
779,no checking,critical/other existing credit,36,5711,4,2,38,2,1,good
780,0<=X<200,existing paid,18,3872,2,4,67,1,1,good
781,0<=X<200,critical/other existing credit,39,4933,2,2,25,2,1,bad
782,no checking,critical/other existing credit,24,1940,4,4,60,1,1,good
783,0<=X<200,no credits/all paid,12,1410,2,2,31,1,1,good
784,0<=X<200,existing paid,12,836,4,2,23,1,1,bad
785,0<=X<200,existing paid,20,6468,1,4,60,1,1,good
786,0<=X<200,existing paid,18,1941,4,2,35,1,1,good
787,no checking,existing paid,22,2675,3,4,40,1,1,good
788,no checking,critical/other existing credit,48,2751,4,3,38,2,2,good
789,0<=X<200,delayed previously,48,6224,4,4,50,1,1,bad
790,<0,critical/other existing credit,40,5998,4,3,27,1,1,bad
791,0<=X<200,existing paid,21,1188,2,4,39,1,2,bad
792,no checking,existing paid,24,6313,3,4,41,1,2,good
793,no checking,critical/other existing credit,6,1221,1,2,27,2,1,good
794,>=200,existing paid,24,2892,3,4,51,1,1,good
795,no checking,existing paid,24,3062,4,3,32,1,1,good
796,no checking,existing paid,9,2301,2,4,22,1,1,good
797,<0,existing paid,18,7511,1,4,51,1,2,bad
798,no checking,critical/other existing credit,12,1258,2,4,22,2,1,good
799,no checking,delayed previously,24,717,4,4,54,2,1,good
800,0<=X<200,existing paid,9,1549,4,2,35,1,1,good
801,no checking,critical/other existing credit,24,1597,4,4,54,2,2,good
802,0<=X<200,critical/other existing credit,18,1795,3,4,48,2,1,good
803,<0,critical/other existing credit,20,4272,1,4,24,2,1,good
804,no checking,critical/other existing credit,12,976,4,4,35,2,1,good
805,0<=X<200,existing paid,12,7472,1,2,24,1,1,good
806,<0,existing paid,36,9271,2,1,24,1,1,bad
807,0<=X<200,existing paid,6,590,3,3,26,1,1,good
808,no checking,critical/other existing credit,12,930,4,4,65,4,1,good
809,0<=X<200,all paid,42,9283,1,2,55,1,1,good
810,0<=X<200,no credits/all paid,15,1778,2,1,26,2,1,bad
811,0<=X<200,existing paid,8,907,3,2,26,1,1,good
812,0<=X<200,existing paid,6,484,3,3,28,1,1,good
813,<0,critical/other existing credit,36,9629,4,4,24,2,1,bad
814,<0,existing paid,48,3051,3,4,54,1,1,bad
815,<0,existing paid,48,3931,4,4,46,1,2,bad
816,0<=X<200,delayed previously,36,7432,2,2,54,1,1,good
817,no checking,existing paid,6,1338,1,4,62,1,1,good
818,no checking,critical/other existing credit,6,1554,1,2,24,2,1,good
819,<0,existing paid,36,15857,2,3,43,1,1,good
820,<0,existing paid,18,1345,4,3,26,1,1,bad
821,no checking,existing paid,12,1101,3,2,27,2,1,good
822,>=200,existing paid,12,3016,3,1,24,1,1,good
823,<0,existing paid,36,2712,2,2,41,1,2,bad
824,<0,critical/other existing credit,8,731,4,4,47,2,1,good
825,no checking,critical/other existing credit,18,3780,3,2,35,2,1,good
826,<0,critical/other existing credit,21,1602,4,3,30,2,1,good
827,<0,critical/other existing credit,18,3966,1,4,33,3,1,bad
828,no checking,no credits/all paid,18,4165,2,2,36,2,2,bad
829,<0,existing paid,36,8335,3,4,47,1,1,bad
830,0<=X<200,delayed previously,48,6681,4,4,38,1,2,good
831,no checking,delayed previously,24,2375,4,2,44,2,2,good
832,<0,existing paid,18,1216,4,3,23,1,1,bad
833,<0,no credits/all paid,45,11816,2,4,29,2,1,bad
834,0<=X<200,existing paid,24,5084,2,4,42,1,1,good
835,>=200,existing paid,15,2327,2,3,25,1,1,bad
836,<0,no credits/all paid,12,1082,4,4,48,2,1,bad
837,no checking,existing paid,12,886,4,2,21,1,1,good
838,no checking,existing paid,4,601,1,3,23,1,2,good
839,<0,critical/other existing credit,24,2957,4,4,63,2,1,good
840,no checking,critical/other existing credit,24,2611,4,3,46,2,1,good
841,<0,existing paid,36,5179,4,2,29,1,1,bad
842,no checking,delayed previously,21,2993,3,2,28,2,1,good
843,no checking,existing paid,18,1943,4,4,23,1,1,bad
844,no checking,all paid,24,1559,4,4,50,1,1,good
845,no checking,existing paid,18,3422,4,4,47,3,2,good
846,0<=X<200,existing paid,21,3976,2,3,35,1,1,good
847,no checking,existing paid,18,6761,2,4,68,2,1,bad
848,no checking,existing paid,24,1249,4,2,28,1,1,good
849,<0,existing paid,9,1364,3,4,59,1,1,good
850,<0,existing paid,12,709,4,4,57,1,1,bad
851,<0,critical/other existing credit,20,2235,4,2,33,2,1,bad
852,no checking,critical/other existing credit,24,4042,3,4,43,2,1,good
853,no checking,critical/other existing credit,15,1471,4,4,35,2,1,good
854,<0,all paid,18,1442,4,4,32,2,2,bad
855,no checking,delayed previously,36,10875,2,2,45,2,2,good
856,no checking,existing paid,24,1474,4,3,33,1,1,good
857,no checking,existing paid,10,894,4,3,40,1,1,good
858,no checking,critical/other existing credit,15,3343,4,2,28,1,1,good
859,<0,existing paid,15,3959,3,2,29,1,1,bad
860,no checking,existing paid,9,3577,1,2,26,1,2,good
861,no checking,critical/other existing credit,24,5804,4,2,27,2,1,good
862,no checking,delayed previously,18,2169,4,2,28,1,1,bad
863,<0,existing paid,24,2439,4,4,35,1,1,bad
864,no checking,critical/other existing credit,27,4526,4,2,32,2,2,good
865,no checking,existing paid,10,2210,2,2,25,1,1,bad
866,no checking,existing paid,15,2221,2,4,20,1,1,good
867,<0,existing paid,18,2389,4,1,27,1,1,good
868,no checking,critical/other existing credit,12,3331,2,4,42,1,1,good
869,no checking,existing paid,36,7409,3,2,37,2,1,good
870,<0,existing paid,12,652,4,4,24,1,1,good
871,no checking,delayed previously,36,7678,2,4,40,2,1,good
872,>=200,critical/other existing credit,6,1343,1,4,46,2,2,good
873,<0,critical/other existing credit,24,1382,4,1,26,2,1,good
874,no checking,existing paid,15,874,4,1,24,1,1,good
875,<0,existing paid,12,3590,2,2,29,1,2,good
876,0<=X<200,critical/other existing credit,11,1322,4,4,40,2,1,good
877,<0,all paid,18,1940,3,4,36,1,1,good
878,no checking,existing paid,36,3595,4,2,28,1,1,good
879,<0,existing paid,9,1422,3,2,27,1,1,bad
880,no checking,critical/other existing credit,30,6742,2,3,36,2,1,good
881,no checking,existing paid,24,7814,3,3,38,1,1,good
882,no checking,existing paid,24,9277,2,4,48,1,1,good
883,0<=X<200,critical/other existing credit,30,2181,4,4,36,2,1,good
884,no checking,critical/other existing credit,18,1098,4,4,65,2,1,good
885,0<=X<200,existing paid,24,4057,3,3,43,1,1,bad
886,<0,existing paid,12,795,4,4,53,1,1,bad
887,0<=X<200,critical/other existing credit,24,2825,4,3,34,2,2,good
888,0<=X<200,existing paid,48,15672,2,2,23,1,1,bad
889,no checking,critical/other existing credit,36,6614,4,4,34,2,1,good
890,no checking,all paid,28,7824,3,4,40,2,2,good
891,<0,critical/other existing credit,27,2442,4,4,43,4,2,good
892,no checking,critical/other existing credit,15,1829,4,4,46,2,1,good
893,<0,critical/other existing credit,12,2171,4,4,38,2,1,good
894,0<=X<200,critical/other existing credit,36,5800,3,4,34,2,1,good
895,no checking,critical/other existing credit,18,1169,4,3,29,2,1,good
896,no checking,delayed previously,36,8947,3,2,31,1,2,good
897,<0,existing paid,21,2606,4,4,28,1,1,good
898,no checking,critical/other existing credit,12,1592,3,2,35,1,1,good
899,no checking,existing paid,15,2186,1,4,33,1,1,good
900,<0,existing paid,18,4153,2,3,42,1,1,bad
901,<0,critical/other existing credit,16,2625,2,4,43,1,1,bad
902,no checking,critical/other existing credit,20,3485,2,4,44,2,1,good
903,no checking,critical/other existing credit,36,10477,2,4,42,2,1,good
904,no checking,existing paid,15,1386,4,2,40,1,1,good
905,no checking,existing paid,24,1278,4,1,36,1,1,good
906,<0,existing paid,12,1107,2,2,20,1,2,good
907,<0,existing paid,21,3763,2,2,24,1,1,good
908,0<=X<200,existing paid,36,3711,2,2,27,1,1,good
909,no checking,delayed previously,15,3594,1,2,46,2,1,good
910,0<=X<200,existing paid,9,3195,1,2,33,1,1,good
911,no checking,delayed previously,36,4454,4,4,34,2,1,good
912,0<=X<200,critical/other existing credit,24,4736,2,4,25,1,1,bad
913,0<=X<200,existing paid,30,2991,2,4,25,1,1,good
914,no checking,existing paid,11,2142,1,2,28,1,1,good
915,<0,all paid,24,3161,4,2,31,1,1,bad
916,0<=X<200,no credits/all paid,48,18424,1,2,32,1,1,bad
917,no checking,existing paid,10,2848,1,2,32,1,2,good
918,<0,existing paid,6,14896,1,4,68,1,1,bad
919,<0,existing paid,24,2359,1,1,33,1,1,bad
920,<0,existing paid,24,3345,4,2,39,1,1,bad
921,no checking,critical/other existing credit,18,1817,4,2,28,2,1,good
922,no checking,delayed previously,48,12749,4,1,37,1,1,good
923,<0,existing paid,9,1366,3,4,22,1,1,bad
924,0<=X<200,existing paid,12,2002,3,4,30,1,2,good
925,<0,all paid,24,6872,2,1,55,1,1,bad
926,<0,all paid,12,697,4,2,46,2,1,bad
927,<0,critical/other existing credit,18,1049,4,4,21,1,1,good
928,<0,existing paid,48,10297,4,4,39,3,2,bad
929,no checking,existing paid,30,1867,4,4,58,1,1,good
930,<0,delayed previously,12,1344,4,2,43,2,2,good
931,<0,existing paid,24,1747,4,1,24,1,1,good
932,0<=X<200,existing paid,9,1670,4,2,22,1,1,bad
933,no checking,critical/other existing credit,9,1224,3,1,30,2,1,good
934,no checking,critical/other existing credit,12,522,4,4,42,2,2,good
935,<0,existing paid,12,1498,4,1,23,1,1,good
936,0<=X<200,delayed previously,30,1919,4,3,30,2,1,bad
937,>=200,existing paid,9,745,3,2,28,1,1,bad
938,0<=X<200,existing paid,6,2063,4,3,30,1,1,good
939,0<=X<200,existing paid,60,6288,4,4,42,1,1,bad
940,no checking,critical/other existing credit,24,6842,2,4,46,2,2,good
941,no checking,existing paid,12,3527,2,3,45,1,2,good
942,no checking,existing paid,10,1546,3,2,31,1,2,good
943,no checking,existing paid,24,929,4,2,31,1,1,good
944,no checking,critical/other existing credit,4,1455,2,1,42,3,2,good
945,<0,existing paid,15,1845,4,1,46,1,1,good
946,0<=X<200,no credits/all paid,48,8358,1,1,30,2,1,good
947,<0,all paid,24,3349,4,4,30,1,2,bad
948,no checking,existing paid,12,2859,4,4,38,1,1,good
949,no checking,existing paid,18,1533,4,1,43,1,2,bad
950,no checking,existing paid,24,3621,2,4,31,2,1,bad
951,0<=X<200,critical/other existing credit,18,3590,3,3,40,3,2,good
952,<0,delayed previously,36,2145,2,1,24,2,1,bad
953,0<=X<200,existing paid,24,4113,3,4,28,1,1,bad
954,no checking,existing paid,36,10974,4,2,26,2,1,bad
955,<0,existing paid,12,1893,4,4,29,1,1,good
956,<0,critical/other existing credit,24,1231,4,4,57,2,1,good
957,>=200,critical/other existing credit,30,3656,4,4,49,2,1,good
958,0<=X<200,critical/other existing credit,9,1154,2,4,37,3,1,good
959,<0,existing paid,28,4006,3,2,45,1,1,bad
960,0<=X<200,existing paid,24,3069,4,4,30,1,1,good
961,no checking,critical/other existing credit,6,1740,2,2,30,2,1,good
962,0<=X<200,delayed previously,21,2353,1,4,47,2,1,good
963,no checking,existing paid,15,3556,3,2,29,1,1,good
964,no checking,existing paid,24,2397,3,2,35,2,1,bad
965,0<=X<200,existing paid,6,454,3,1,22,1,1,good
966,0<=X<200,existing paid,30,1715,4,1,26,1,1,good
967,0<=X<200,critical/other existing credit,27,2520,4,2,23,2,1,bad
968,no checking,existing paid,15,3568,4,2,54,1,1,good
969,no checking,existing paid,42,7166,2,4,29,1,1,good
970,<0,critical/other existing credit,11,3939,1,2,40,2,2,good
971,0<=X<200,existing paid,15,1514,4,2,22,1,1,good
972,no checking,existing paid,24,7393,1,4,43,1,2,good
973,<0,all paid,24,1193,1,4,29,2,1,bad
974,<0,existing paid,60,7297,4,4,36,1,1,bad
975,no checking,critical/other existing credit,30,2831,4,2,33,1,1,good
976,>=200,existing paid,24,1258,3,3,57,1,1,good
977,0<=X<200,existing paid,6,753,2,3,64,1,1,good
978,0<=X<200,delayed previously,18,2427,4,2,42,2,1,good
979,no checking,delayed previously,24,2538,4,4,47,2,2,bad
980,0<=X<200,all paid,15,1264,2,2,25,1,1,bad
981,0<=X<200,critical/other existing credit,30,8386,2,2,49,1,1,bad
982,no checking,existing paid,48,4844,3,2,33,1,1,bad
983,>=200,existing paid,21,2923,1,1,28,1,1,good
984,<0,existing paid,36,8229,2,2,26,1,2,bad
985,no checking,critical/other existing credit,24,2028,2,2,30,2,1,good
986,<0,critical/other existing credit,15,1433,4,3,25,2,1,good
987,>=200,no credits/all paid,42,6289,2,1,33,2,1,good
988,no checking,existing paid,13,1409,2,4,64,1,1,good
989,<0,existing paid,24,6579,4,2,29,1,1,good
990,0<=X<200,critical/other existing credit,24,1743,4,2,48,2,1,good
991,no checking,critical/other existing credit,12,3565,2,1,37,2,2,good
992,no checking,all paid,15,1569,4,4,34,1,2,good
993,<0,existing paid,18,1936,2,4,23,2,1,good
994,<0,existing paid,36,3959,4,3,30,1,1,good
995,no checking,existing paid,12,2390,4,3,50,1,1,good
996,no checking,existing paid,12,1736,3,4,31,1,1,good
997,<0,existing paid,30,3857,4,4,40,1,1,good
998,no checking,existing paid,12,804,4,4,38,1,1,good
999,<0,existing paid,45,1845,4,4,23,1,1,bad
1000,0<=X<200,critical/other existing credit,45,4576,3,4,27,1,1,good
